Node ID,Node Name,Zone ID,Reserve ID
4000,.H.INTERNAL_HUB,4000,TBD
4001,.Z.MAINE,4001,TBD
4002,.Z.NEWHAMPSHIRE,4002,TBD
4003,.Z.VERMONT,4003,TBD
4004,.Z.CONNECTICUT,4004,TBD
4005,.Z.RHODEISLAND,4005,TBD
4006,.Z.SEMASS,4006,TBD
4007,.Z.WCMASS,4007,TBD
4008,.Z.NEMASSBOST,4008,TBD
46728,LD.2121A_T 34.5,4001,7000
4240,LD.ACUSHNET13.2,4006,7000
4310,LD.ADAMS   23,4007,7000
531,UN.ADMIRAL 23.0PAWP,4005,7000
4302,LD.ADMIRAL 23.0,4005,7000
4519,LD.AGAWAM  13.8,4007,7000
4249,LD.ALEWIFE 13.8,4008,7003
13515,UN.PIERCE  13.8ALP,4004,7001
4430,LD.ALLINGS 13.8,4004,7001
326,UN.ALTRESCO13.8ALTR,4007,7000
4207,LD.AMES_ST 13.8,4006,7000
4376,LD.AMHERST 34.5,4002,7000
4803,LD.AMHRST  13.8EAST LD,4007,7000
4804,LD.AMHRST  13.8WEST LD,4007,7000
4805,LD.ANDREWSQ13.8110AC LD,4008,7003
4806,LD.ANDREWSQ13.8110BD LD,4008,7003
4407,LD.ANHEUSBH12.5,4002,7000
4440,LD.ANSONIA 13.8,4004,7001
4239,LD.ARSENE  13.2,4006,7000
329,UN.ASCUTNEY46  ASCU,4003,7000
4460,LD.ASCUTNEY46,4003,7000
4479,LD.ASHBRNHM115,4007,7000
4436,LD.ASHCREEK13.8,4004,7001
4508,LD.ASHFIELD23,4007,7000
357,UN.ASHLAND 34.5BRID,4002,7000
4390,LD.ASHLAND 34.5,4002,7000
37143,LD.ATHENSME12.5,4001,7000
48960,UN.ATHENSME12.5ATHN,4001,7000
4165,LD.AUGSTA_E34.5,4001,7000
4332,LD.AYER    69,4007,7000
4433,LD.BAIRD   13.8,4004,7001
4090,LD.BAKER_ST24.0,4008,7003
4809,LD.BALDWIN 13.8,4004,7001
4538,LD.BARBOURH23,4004,7002
4443,LD.BARNUM  13.8,4004,7001
4307,LD.BARRE   13.8,4007,7000
2431,UN.BARRE_VT34.5DODF,4003,7000
2433,UN.BARRE_VT34.5RYGT,4003,7000
2437,LD.BARRE_VT34.5,4003,7000
4339,LD.BARTH_ST115,4008,7003
4593,LD.BATES_RK13.8,4004,7001
4214,LD.BATES_ST13.8,4006,7000
4176,LD.BATH    34.5,4001,7000
4584,LD.BEACN_FL13.8,4004,7001
4475,LD.BEAN_HIL13.8,4004,7002
359,UN.BEARSWMP13.8BSW1,4007,7000
360,UN.BEARSWMP13.8BSW2,4007,7000
11761,AR.BEARSWMP13.8BSW1P,4007,7000
11762,AR.BEARSWMP13.8BSW2P,4007,7000
4291,LD.BEAVR_PD13.8,4006,7000
10850,LD.BEDFORD 34.5,4002,7000
4386,LD.BEEBE   34.5,4002,7000
4141,LD.BELFAST 34.5,4001,7000
50121,UN.BELFAST 34.5GEOR,4001,7000
10683,LD.BELL_RK 34.5,4006,7000
1412,UN.BELL_30321  BEL1,4006,7000
1415,UN.BELL_30321  BEL2,4006,7000
48754,UN.BELLNGHM13.2NE1A,4006,7000
48755,UN.BELLNGHM13.2NE1B,4006,7000
335,UN.BELLWSFL6.9 BELL,4002,7000
4330,LD.BELLWSFL6.9,4002,7000
40041,LD.BELLWSFL69,4002,7000
42637,LD.BELLWSFL46,4002,7000
4209,LD.BELMONT 13.8,4006,7000
4468,LD.BENINGTN46,4003,7000
4469,LD.BENINGTN69,4003,7000
4488,LD.BERKSHRE23,4007,7000
1086,UN.BERK_PWR21  BERK,4007,7000
4544,LD.BERLIN  13.8,4004,7002
47965,LD.BERLIN  23,4004,7002
16653,UN.BERLN_NH13.8BURG,4002,7000
427,UN.BERLN_NH34.5GORH,4002,7000
4382,LD.BERLN_NH22,4002,7000
4383,LD.BERLN_NH34.5,4002,7000
10424,UN.BERLN_NH22  BERP,4002,7000
43580,UN.BERLN_NH34.5JERW,4002,7000
336,UN.BERLINVT34.5BERL,4003,7000
468,UN.BERLINVT34.5MARH,4003,7000
4445,LD.BERLINVT34.5,4003,7000
10341,LD.BEVERLY 13.2,4008,7003
4188,LD.BIDDEFRD34.5,4001,7000
46609,LD.BIDDEFRD12.5,4001,7000
590,UN.BIGELOW 115 STRA,4001,7000
4153,LD.BIGELOW 34.5,4001,7000
4811,LD.BILERCA 23  T1 LD,4007,7000
4812,LD.BILERCA 23  T2 LD,4007,7000
46679,LD.BILERCA 13.2T5 LD,4007,7000
46753,LD.BILERCA 13.2T6 LD,4007,7000
37105,UN.BINGHAM 34.5BNGW,4001,7000
42057,LD.BIRD_RD 13.8,4006,7000
4574,LD.BLACK_RK13.8,4004,7002
48163,LD.BLACK_RK4.8,4004,7002
48164,LD.BLACK_RK69,4004,7002
4813,LD.BLACKBRN115 1X LD,4005,7000
4814,LD.BLACKBRN115 2X LD,4005,7000
1286,UN.BLKSTONE21  BKS1,4006,7000
1287,UN.BLKSTONE21  BKS2,4006,7000
48165,LD.BLAIR_PD13.8,4008,7003
4506,LD.BLANFORD23,4007,7000
4458,LD.BLISVILL46,4003,7000
4532,LD.BLOOMFLD23,4004,7002
4319,LD.BLOMNGDL13.8,4007,7000
15386,LD.BOGGY_BK44,4001,7000
4552,LD.BOKUM   27.6,4004,7002
4134,LD.BOLT_HL 34.5,4001,7000
4163,LD.BOWMN_ST34.5,4001,7000
349,UN.BPT_RESC13.8BPTR,4004,7001
4191,LD.BRANCH  34.5,4001,7000
46610,LD.BRANCH  12.5,4001,7000
355,UN.BRANFORD23  BRAN,4004,7001
4555,LD.BRANFORD23,4004,7001
4556,LD.BRANF_RR115,4004,7001
4527,LD.BRECKWOD13.8,4007,7000
11413,LD.BRENTWOD34.5,4002,7000
4409,LD.BRIDGE_S34.5,4002,7000
47297,LD.BRIDGE_S4.16,4002,7000
1032,UN.BPT_ENER16  BHCC,4004,7001
38206,UN.BPT_5CC 25  BHR5,4004,7001
4103,LD.BRIGHTON13.8,4008,7003
13673,UN.BRIGHTON13.8MAT1,4008,7003
13675,UN.BRIGHTON13.8MAT2,4008,7003
4571,LD.BRISTOL 13.8,4004,7002
49671,LD.BRISTOL 4.8,4004,7002
4295,LD.BRISTLRI12.5,4005,7000
4427,LD.BROADWAY13.8,4004,7001
49421,LD.BROKENGD34.5,4002,7000
40058,LD.BROOK_ST23,4006,7000
4554,LD.BROOKLYN23.0,4004,7002
4166,LD.BROWN_CR12.5,4001,7000
4518,LD.BUCK_PD 115,4007,7000
4140,LD.BUCKSPRT13.8,4001,7000
46617,LD.BUCKSPRT34.5,4001,7000
47390,UN.BUCKSPRT18.0BKSP,4001,7000
4472,LD.BUDDNGTN33.0,4004,7002
40343,UN.BULL_HL 34.5BLHW,4001,7000
48082,UN.BULL_HL 34.5HANW,4001,7000
362,UN.BULLSBDG27.6BULL,4004,7001
4590,LD.BULLSBDG27.6,4004,7001
4582,LD.BUNKR_HL13.8,4004,7001
4106,LD.BURLNGTN13.8,4008,7003
10033,LD.BURTT_RD13.2,4008,7003
4568,LD.CAMPVILL27.6,4004,7002
365,UN.CANAL   18.0CAN1,4006,7000
366,UN.CANAL   18.0CAN2,4006,7000
4498,LD.CANAL_NU23,4004,7001
16255,LD.CANDLE  13.2,4006,7000
4566,LD.CANTON  23,4004,7002
4123,LD.CANTN_BE13.8,4006,7000
49403,LD.CANTN_BE115,4006,7000
367,UN.CAPE    13.2CAP4,4001,7000
368,UN.CAPE    13.2CAP5,4001,7000
4184,LD.CAPE    34.5,4001,7000
4492,LD.CARD    23,4004,7002
4493,LD.CARD    69,4004,7002
4588,LD.CARML_HL23,4004,7001
4098,LD.CARVR_ST13.8,4008,7003
345,UN.CATALYST115 BOIS,4001,7000
4139,LD.CATALYST115,4001,7000
324,UN.CDEC    13.8AETN,4004,7002
4815,LD.CEDARHTS13.22X LD,4004,7001
4816,LD.CEDARHTS13.23X LD,4004,7001
46727,LD.CENTECH 13.8,4007,7000
10512,LD.CHALLENG34.5,4001,7000
46624,LD.CHALLENG12.5,4001,7000
15411,LD.CHARLOTT12.5,4003,7000
4290,LD.CHRTLYPD23,4006,7000
46960,LD.CHASE_HL12.5,4005,7000
4817,LD.CHATHAM 14.4,4008,7003
11710,LD.CHELSEA 13.8,4008,7003
4464,LD.CHELSEVT46,4003,7000
536,UN.CHEMICAL115 PERC,4001,7000
4412,LD.CHESTER 34.5,4002,7000
616,UN.CHSTERME46  WENF,4001,7000
4077,LD.CHSTERME46,4001,7000
4402,LD.CHSTNTHL34.5,4002,7000
421,UN.CHICOPEE13.8FRST,4007,7000
4524,LD.CHICOPEE13.8,4007,7000
4570,LD.CHIPINHL13.8,4004,7002
4125,LD.CHURCHIL13.8,4006,7000
4821,LD.CLARKSON12.5T1 LD,4005,7000
4822,LD.CLARKSON12.5T2 LD,4005,7000
4529,LD.CLINTON 13.8,4007,7000
379,UN.COBBLEMT69  COBB,4007,7000
10831,LD.COLBURN 13.8,4008,7003
14087,UN.COLBURN 13.8MAT3,4008,7003
4470,LD.COLD_RV 46,4003,7000
4577,LD.COLONY  13.8,4004,7002
473,UN.COMERFRD34.5MCIN,4002,7000
4264,LD.COMERFRD34.5,4002,7000
47366,UN.COMERFRD13.8COM1,4002,7000
47367,UN.COMERFRD13.8COM2,4002,7000
47368,UN.COMERFRD13.8COM3,4002,7000
47369,UN.COMERFRD13.8COM4,4002,7000
4609,LD.COMPO   13.8,4004,7001
4434,LD.CONGRESS13.8,4004,7001
16738,UN.CONGRESS13.8BPFC,4004,7001
50815,UN.COOLIDGE34.5COLS,4003,7000
44033,LD.COOPERML12.5,4001,7000
370,UN.COSCOB  13.8CC10,4004,7001
371,UN.COSCOB  13.8CC11,4004,7001
372,UN.COSCOB  13.8CC12,4004,7001
4605,LD.COSCOB  26.4,4004,7001
14157,UN.COSCOB  13.8CC13,4004,7001
14158,UN.COSCOB  13.8CC14,4004,7001
44013,LD.COSCOB  27.6,4004,7001
44014,LD.COSCOB  13.2,4004,7001
50602,UN.CRANSTON23  CRNS,4005,7000
4823,LD.CROSS_RD13.22X LD,4006,7000
4824,LD.CROSS_RD13.21X LD,4006,7000
4173,LD.CROWLEYS34.5,4001,7000
40341,LD.CROWLEYS12.5,4001,7000
4234,LD.CRYSTLSP13.2,4006,7000
4509,LD.CUMBRLND13.8,4007,7000
4608,LD.DARIEN  13.2,4004,7001
388,UN.DARTMTH 13.8DART,4006,7000
15940,UN.DARTMTH 13.8DAR3,4006,7000
4825,LD.DAVISVIL34.5T1 LD,4005,7000
4826,LD.DAVISVIL34.5T2 LD,4005,7000
10178,LD.DEBLOIS 34.5,4001,7000
4094,LD.DEER_ISL115,4008,7003
393,UN.DEERFLD569  DFL5,4007,7000
413,UN.DEERFLD569  FIFE,4007,7000
4368,LD.DEERFLD569,4007,7000
4305,LD.DEPOT   13.8,4006,7000
4148,LD.DETROIT 34.5,4001,7000
396,UN.DEVON   13.8DV10,4004,7001
397,UN.DEVON   13.2DV11,4004,7001
398,UN.DEVON   13.2DV12,4004,7001
399,UN.DEVON   13.2DV13,4004,7001
400,UN.DEVON   13.2DV14,4004,7001
12504,UN.DEVON   13.2DV15,4004,7001
17044,UN.DEVON   13.2DV16,4004,7001
17045,UN.DEVON   13.2DV17,4004,7001
17046,UN.DEVON   13.2DV18,4004,7001
4614,LD.DEVON_RR115,4004,7001
4827,LD.DEWAR_ST13.8110A LD,4008,7003
4829,LD.DEWAR_ST13.8110B LD,4008,7003
17280,LD.DEXTER  13.8,4004,7002
42375,UN.DEXTER  13.8DX1A,4004,7002
42376,UN.DEXTER  13.8DX1B,4004,7002
10474,LD.DEXTR_RI13.8,4005,7000
39712,LD.DEXTR_RI69,4005,7000
1005,UN.DIGHTON 115 DIGH,4006,7000
4212,LD.DIGHTON 13.8,4006,7000
4547,LD.DOOLEY  13.2,4004,7002
395,UN.DOREEN  23  DORE,4007,7000
4501,LD.DOREEN  23,4007,7000
4417,LD.DOVER   34.5,4002,7000
4120,LD.DOVER_BE13.8,4008,7003
4831,LD.DRAGONCT115,4001,7000
4280,LD.DRUMROCK23,4005,7000
49016,LD.DRUMROCK12.5,4005,7000
4473,LD.DUDLEY  34.5,4004,7002
37974,LD.DUDLEY  13.8,4004,7002
4206,LD.DUPONT  13.8,4006,7000
4236,LD.DUXBURY 23,4006,7000
474,UN.EAST_AVE34.5MCNL,4003,7000
622,UN.EAST_AVE13.8WINO,4003,7000
4453,LD.EAST_AVE13.8,4003,7000
17147,LD.EAST_AVE34.5,4003,7000
4833,LD.E_BEVRLY34.5T10 LD,4008,7003
4834,LD.E_BEVRLY34.5T20 LD,4008,7003
46723,LD.E_BEVRLY23  T1 LD,4008,7003
46754,LD.E_BEVRLY23  T2 LD,4008,7003
4210,LD.E_BRGWTR13.8,4006,7000
11136,LD.E_CAMBRG13.8,4008,7003
4356,LD.E_DRACUT13.2,4007,7000
774,UN.E_FAIRFX34.5LLAM,4003,7000
4450,LD.E_FAIRFX34.5,4003,7000
35555,UN.E_FAIRFX34.5GMTW,4003,7000
4536,LD.E_HARTFR23,4004,7002
4837,LD.E_HOLBRK23  T1 LD,4006,7000
4838,LD.E_HOLBRK23  T2 LD,4006,7000
4271,LD.E_MAIN_S13.8,4007,7000
4575,LD.E_MERDEN13.8,4004,7002
4351,LD.E_METHUE13.2,4008,7003
4543,LD.E_NBRITN13.8,4004,7002
513,UN.E_SHORE 22  NHHB,4004,7002
4421,LD.E_SHORE 13.8,4004,7002
15477,UN.E_SHORE 13.8NHP2,4004,7002
40052,UN.E_SHORE 13.8NHP3,4004,7002
40053,UN.E_SHORE 13.8NHP4,4004,7002
4526,LD.E_SPRFLD13.8,4007,7000
4333,LD.E_TEWKS 13.2,4008,7003
4839,LD.E_WEYMTH23  T1 LD,4006,7000
4840,LD.E_WEYMTH23  T2 LD,4006,7000
4329,LD.E_WINCHD13.8,4007,7000
4199,LD.EASTON  13.8,4006,7000
327,UN.EDDY    34.5AMOS,4002,7000
4396,LD.EDDY    34.5,4002,7000
40327,UN.EDGAR   18.0ED1A,4006,7000
40328,UN.EDGAR   18.0ED1B,4006,7000
48080,LD.ELECTRIC13.8,4008,7003
10556,LD.ELLIS_AV14.4,4006,7000
405,UN.ELLSWRTH34.5ELLS,4001,7000
4631,LD.ELLSWRTH34.5,4001,7000
4520,LD.ELM     23,4007,7000
4178,LD.ELM_ST  34.5,4001,7000
46678,LD.ELM_ST  12.5,4001,7000
4429,LD.ELM_WEST13.8,4004,7001
46734,LD.EMBDEN  12.5,4001,7000
4540,LD.ENFIELD 27.6,4004,7002
47076,LD.ENFIELD 23,4004,7002
445,UN.ENFLD_ME115 IND5,4001,7000
410,UN.ESSEX   34.5ESSH,4003,7000
426,UN.ESSEX   34.5GORD,4003,7000
1221,UN.ESSEX   34.5ESSD,4003,7000
2434,UN.ESSEX   34.5GORG,4003,7000
4451,LD.ESSEX   34.5,4003,7000
4335,LD.EVERETT 23,4008,7003
47733,LD.EVERETT 13.8,4008,7003
412,UN.FALSVL  69  FALS,4004,7002
4616,LD.FALSVL  69,4004,7002
1030,UN.FALMOUTH25  OAKB,4006,7000
1031,UN.FALMOUTH25  WTIS,4006,7000
16248,LD.FALMOUTH25,4006,7000
4542,LD.FRMNGTON23,4004,7002
4289,LD.FARNPIKE12.5,4005,7000
4221,LD.FARNUM  23,4005,7000
4841,LD.FIELD_ST23  517-532,4006,7000
4842,LD.FIELD_ST23  517-533,4006,7000
47661,LD.FIELD_ST13.8517-533,4006,7000
47948,LD.FIELD_ST13.8517-532,4006,7000
4244,LD.FISHR_RD13.2,4006,7000
43591,LD.FITCH   27.6,4004,7001
4361,LD.FITCH_RD69,4007,7000
4801,LD.5CORNRS 13.2T1 LD,4007,7000
4802,LD.5CORNRS 13.2T2 LD,4007,7000
538,UN.FLAGG_PD13.8PINE,4007,7000
4222,LD.FLAGG_PD69,4007,7000
4845,LD.FLANDERS23,4004,7002
4610,LD.FLAX_HL 13.8,4004,7001
16328,LD.FLAX_HL 27.6,4004,7001
4312,LD.FLORENCE13.8,4007,7000
541,UN.FLORNCE 46  PROC,4003,7000
2430,UN.FLORNCE 46  BLDN,4003,7000
2432,UN.FLORNCE 46  HNTG,4003,7000
4461,LD.FLORNCE 46,4003,7000
10846,LD.FRIVR_ME12.5,4001,7000
356,UN.FORESTVL13.8BRF,4004,7002
4572,LD.FORESTVL13.8,4004,7002
4474,LD.FORT_HIL34.5,4004,7002
417,UN.FRAMNGHM13.8FMJ1,4008,7003
418,UN.FRAMNGHM13.8FMJ2,4008,7003
419,UN.FRAMNGHM13.8FMJ3,4008,7003
4088,LD.FRAMNGHM13.8,4008,7003
4531,LD.FRNCONIA13.8,4007,7000
420,UN.FRNKLNDR13.2FRDR,4004,7002
4567,LD.FRNKLNDR13.2,4004,7002
321,UN.FRNKLNSQ13.810CC,4005,7000
322,UN.FRNKLNSQ13.811CC,4005,7000
323,UN.FRNKLNSQ13.89CC,4005,7000
4301,LD.FRNKLNSQ11.5,4005,7000
10813,LD.FRNKLNSQ12.5,4005,7000
4581,LD.FREIGHT 13.8,4004,7001
4511,LD.FRENCHKG13.8,4007,7000
4847,LD.FRYBROOK23.0,4004,7002
4495,LD.GALE_FRY69,4004,7002
768,UN.GARVINS 34.5GARV,4002,7000
4395,LD.GARVINS 34.5,4002,7000
4337,LD.GE_RIVER13.8,4008,7003
4849,LD.GE_CO_14115 1X LD,4007,7000
4850,LD.GE_CO_14115 2X LD,4007,7000
46680,LD.GEORGIA 34.5,4003,7000
4602,LD.GLENBROK13.2,4004,7001
10344,LD.GOLDN_RK23,4008,7003
39990,LD.GOOSEFAR12,4001,7000
4078,LD.GRAHAM  46,4001,7000
16296,UN.GRAHAM  46  MLFH,4001,7000
40338,UN.GRAHAM  18.0MS1A,4001,7000
40339,UN.GRAHAM  18.0MS1B,4001,7000
48120,UN.GR_RIDGE16  GR1A,4002,7000
48121,UN.GR_RIDGE16  GR1B,4002,7000
10038,LD.GREATBAY34.5,4002,7000
4553,LD.GREEN_HL23,4004,7002
4372,LD.GREENDAL13.8,4007,7000
4397,LD.GREGGS  34.5,4002,7000
4150,LD.GUILFORD34.5,4001,7000
328,UN.GULFISLD34.5GULF,4001,7000
4162,LD.GULFISLD34.5,4001,7000
4517,LD.GUNN    23,4007,7000
4551,LD.HADDAM  23,4004,7002
6418,LD.HALVARSN345 SMDINTLD,4004,7002
4851,LD.HANOVER 23  1690 LD,4004,7001
4852,LD.HANOVER 23  1355 LD,4004,7001
47755,LD.HANOVER 13.81690 LD,4004,7001
47949,LD.HANOVER 13.81355 LD,4004,7001
435,UN.HARRIMAN6.9 HARR,4007,7000
4309,LD.HARRIMAN6.9,4007,7000
4083,LD.HARRINGT34.5,4001,7000
38115,UN.HARRNGTN13.2HARS,4007,7000
432,UN.HARRIS  13.2HAR1,4001,7000
433,UN.HARRIS  13.2HAR2,4001,7000
434,UN.HARRIS  13.2HAR3,4001,7000
757,UN.HARRIS  13.2HAR4,4001,7000
4155,LD.HARRIS  13.2,4001,7000
47382,LD.HARRISON13.8,4006,7000
4463,LD.HARTFDVT46,4003,7000
4151,LD.HARTLAND12.5,4001,7000
49324,UN.HARTLAND12.5PITS,4001,7000
4107,LD.HARTWELL13.8,4008,7003
16251,LD.HARWICH 23,4006,7000
4226,LD.HATCHVIL23,4006,7000
4213,LD.HATHAWAY13.8,4006,7000
47754,LD.HATHAWAY23,4006,7000
4854,LD.HAWKINS 13.8110A LD,4008,7003
4856,LD.HAWKINS 13.8110B LD,4008,7003
4437,LD.HAWTHORN13.8,4004,7001
4858,LD.HIGH_ST 14.4510 LD,4008,7003
4859,LD.HIGH_ST 14.4511 LD,4008,7003
565,UN.HIGHGATE46  SHEL,4003,7000
783,UN.HIGHGATE46  HGFA,4003,7000
4448,LD.HIGHGATE46,4003,7000
12510,UN.HIGHGATE13.8SWC1,4003,7000
12511,UN.HIGHGATE13.8SWC2,4003,7000
4143,LD.HIGHLAND34.5,4001,7000
46608,LD.HILND_PK13.8,4005,7000
4183,LD.HNKLY_PD12.5,4001,7000
4862,LD.HOBRT_ST13.81X LD,4006,7000
4863,LD.HOBRT_ST13.82X LD,4006,7000
42368,LD.HOLLISTN13.8,4008,7003
4486,LD.HOLYOKE 13.8,4007,7000
12529,UN.HOOSAC  69  HOSW,4007,7000
49029,UN.HOPE    23  HOPS,4005,7000
49030,UN.HOPE    23  SCTS,4005,7000
49411,UN.HOPE    23  CV1W,4005,7000
49412,UN.HOPE    23  CV2W,4005,7000
49413,UN.HOPE    23  CV3W,4005,7000
4549,LD.HOPEWELL23,4004,7002
4303,LD.HOPKINTN13.8,4006,7000
4171,LD.HOTEL_RD34.5,4001,7000
37151,LD.HOTEL_RD12,4001,7000
37050,UN.HUCKN_HL34.5GROW,4002,7000
4223,LD.HUDSN_HD13.8,4007,7000
4408,LD.HUDSON  34.5,4002,7000
4411,LD.HUSE_RD 34.5,4002,7000
16249,LD.HYANIS_J24.0,4006,7000
4864,LD.HYDE_PRK13.8110A,4008,7003
4866,LD.HYDE_PRK13.8110B,4008,7003
4868,LD.IBM     115 K21 LD,4003,7000
4870,LD.IBM     115 K24 LD,4003,7000
389,UN.INDIAN  13.8DERB,4004,7001
4441,LD.INDIAN  13.8,4004,7001
4242,LD.INDSTLPK13.2,4006,7000
4487,LD.INGLESID13.8,4007,7000
4388,LD.INTERVAL34.5,4002,7000
4346,LD.IPSWICH 115,4008,7003
4447,LD.IRASBURG46,4003,7000
449,UN.JACKMAN 34.5JACK,4002,7000
4399,LD.JACKMAN 34.5,4002,7000
4167,LD.JAY     115,4001,7000
13703,UN.JAY     13.8VCG1,4001,7000
13704,UN.JAY     13.8VCG2,4001,7000
13705,UN.JAY     13.8VCG3,4001,7000
35979,UN.JAY_VT  46  KCW,4003,7000
40321,LD.JAY_VT  46,4003,7000
4286,LD.JOHNSTON23,4005,7000
10684,LD.JOHNSTON12.5,4005,7000
10959,UN.JOHNSTON23  JLF2,4005,7000
50637,UN.JOHNSTON23  JS1W,4005,7000
50638,UN.JOHNSTON23  JS2W,4005,7000
50639,UN.JOHNSTON23  JS3W,4005,7000
50640,UN.JOHNSTON23  JS4W,4005,7000
50641,UN.JOHNSTON23  JS5W,4005,7000
50642,UN.JOHNSTON23  JS6W,4005,7000
50643,UN.JOHNSTON23  JS7W,4005,7000
4442,LD.JUNE_ST 13.8,4004,7001
466,UN.K_STREET115 LST,4008,7003
4092,LD.K_STREET13.8,4008,7003
4400,LD.KEENE   12.5,4002,7000
43790,LD.KEENE_RD46,4001,7000
452,UN.KENDALL 13.8KDJ1,4008,7003
1672,UN.KENDALL 18.0KEN4,4008,7003
4250,LD.KENDALL 13.8,4008,7003
10347,UN.KENDALL 13.8KND1,4008,7003
10348,UN.KENDALL 13.8KND2,4008,7003
10349,UN.KENDALL 13.8KND3,4008,7003
4255,LD.KENTCNTY34.5,4005,7000
48168,LD.KENTCNTY12.5,4005,7000
4277,LD.KENYON  12.5,4005,7000
12551,UN.KIBBY   34.5KIBY,4001,7000
10888,LD.KILVERT 12.5,4005,7000
13951,LD.KIMBL_RD34.5,4001,7000
448,UN.KING_ST 23  IPSD,4008,7003
4347,LD.KING_ST 23,4008,7003
4235,LD.KINGSTON23,4006,7000
4416,LD.KNGSTNPS34.5,4002,7000
4874,LD.KNGSTNAB13.8110A LD,4008,7003
4876,LD.KNGSTNAB13.8110B LD,4008,7003
47742,LD.KNGSTNUT34.5,4002,7000
14614,UN.KLEEN   18.0KLEN,4004,7002
4393,LD.LACONIA 34.5,4002,7000
1342,UN.LAKE_RD 21  LRD1,4004,7002
1343,UN.LAKE_RD 21  LRD2,4004,7002
1344,UN.LAKE_RD 21  LRD3,4004,7002
617,UN.LAKEWOOD34.5WEST,4001,7000
4157,LD.LAKEWOOD34.5,4001,7000
4263,LD.LAUREL_C13.8,4007,7000
482,UN.LAUREL  22  MID4,4004,7002
12505,UN.LAUREL  13.8MI12,4004,7002
37366,UN.LAUREL  13.8MI13,4004,7002
37367,UN.LAUREL  13.8MI14,4004,7002
37368,UN.LAUREL  13.8MI15,4004,7002
4378,LD.LAWRENCE34.5,4002,7000
39676,LD.LEEDS_ME34.5,4001,7000
461,UN.LENERGIA13.8LENR,4007,7000
495,UN.MIDDLEST34.5MONY,4001,7000
4172,LD.LEWSTN_L34.5,4001,7000
46637,LD.LEWSTN_L12.5,4001,7000
4085,LD.LEXINGTN13.8,4008,7003
36893,LD.LIMEKILN34.5,4003,7000
4283,LD.LINCOLN 12.5,4005,7000
4144,LD.LINCOLNV34.5,4001,7000
462,UN.LISBON  115 LISB,4004,7002
4328,LD.LITCHFLD13.8,4007,7000
4317,LD.LITTLRST13.2,4007,7000
44030,UN.LITTLRST13.2WRNS,4007,7000
4484,LD.LITTLTN 25,4007,7000
463,UN.LVER-AEI115 LIVR,4001,7000
4161,LD.LVERMORE12.5,4001,7000
4410,LD.LONGHILL34.5,4002,7000
464,UN.LOSTNATN34.5LOST,4002,7000
4381,LD.LOSTNATN34.5,4002,7000
369,UN.LOUDEN  34.5CATR,4001,7000
569,UN.LOUDEN  34.5SKEL,4001,7000
754,UN.LOUDEN  34.5BARM,4001,7000
760,UN.LOUDEN  34.5NGOR,4001,7000
4187,LD.LOUDEN  34.5,4001,7000
4193,LD.LOVELL  34.5,4001,7000
465,UN.LOWRDFLD69  LOWD,4007,7000
4313,LD.LOWRDFLD69,4007,7000
38173,UN.LUDDN_LN34.5SADW,4001,7000
38738,UN.LUDDN_LN34.5CANW,4001,7000
4489,LD.LUDLOW  13.8,4007,7000
36981,LD.LYNDONVL34.5,4003,7000
4336,LD.LYNN    23,4008,7003
16846,LD.LYNN    13.8,4008,7003
4418,LD.MADBURY 34.5,4002,7000
4136,LD.MADISON 13.8,4001,7000
37150,LD.MADISON 34.5,4001,7000
50636,UN.MADISON 13.8MADH,4001,7000
13627,LD.ME_YK   13.2,4001,7000
4404,LD.MAMOTHRD34.5,4002,7000
4491,LD.MANCHSTR23,4004,7002
4231,LD.MANOMET 23,4006,7000
4480,LD.MANSFLD 13.8,4006,7000
4334,LD.MAPLWOOD13.8,4008,7003
4237,LD.MARSHFEL23,4006,7000
4227,LD.MASHPEE 23,4006,7000
4128,LD.MASON   34.5,4001,7000
4878,LD.MAYNARD 13.8110A LD,4008,7003
4879,LD.MAYNARD 13.8110B LD,4008,7003
472,UN.MBTA    14.4MBTA,4008,7003
4093,LD.MBTA    14.4,4008,7003
4273,LD.MEABROOK23.0,4007,7000
47997,LD.MEABROOK13.2,4007,7000
4145,LD.MEADW_RD34.5,4001,7000
47077,LD.MEADOWST69,4007,7000
4119,LD.MEDWAY  13.8,4006,7000
50115,UN.MEDWAY  13.8WMJ4,4006,7000
50116,UN.MEDWAY  13.8WMJ5,4006,7000
4259,LD.MELROSE 23,4008,7003
12104,LD.MELROSE 13.8,4008,7003
42608,LD.MEMORIAL13.8,4007,7000
382,UN.MERIMACK13.8CT-1,4002,7000
383,UN.MERIMACK13.8CT-2,4002,7000
489,UN.MERIMACK13.8MK1,4002,7000
490,UN.MERIMACK23.0MK2,4002,7000
42609,LD.MICHL_AV13.2,4002,7000
4374,LD.M_WEYMTH13.8,4006,7000
4597,LD.MIDLE_RV13.8,4004,7001
4880,LD.MIDDL_ST13.8T1 LD,4006,7000
4881,LD.MIDDL_ST13.8T2 LD,4006,7000
48670,LD.MIDDLEST34.5,4001,7000
48671,LD.MIDDLEST12.5,4001,7000
4882,LD.MIDLBORO14.4,4006,7000
4457,LD.MIDLEBRY46,4003,7000
346,UN.MIDDLESX34.5BOLT,4003,7000
614,UN.MIDDLESX34.5WATR,4003,7000
779,UN.MIDDLESX34.5MSX2,4003,7000
4466,LD.MIDDLESX34.5,4003,7000
4348,LD.MIDDLTON115,4008,7003
478,UN.MIDDLETN115 MI10,4004,7002
480,UN.MIDDLETN13.2MID2,4004,7002
481,UN.MIDDLETN20.9MID3,4004,7002
4515,LD.MIDWAY  13.8,4007,7000
486,UN.MILFORD 13.8MILF,4006,7000
1385,UN.MILFD_CT21  MFD1,4004,7001
1386,UN.MILFD_CT21  MFD2,4004,7001
46716,LD.MILL_PD 12.5,4002,7000
4422,LD.MILL_RV 13.8,4004,7001
4211,LD.MILL_ST 13.8,4006,7000
624,UN.MILLBURY13.8WMIM,4007,7000
4252,LD.MILLBURY69,4007,7000
14065,LD.MILLBURY13.8,4007,7000
1210,UN.MILLENUM16  MILN,4007,7000
484,UN.MILSTONE24.0MIL2,4004,7002
485,UN.MILSTONE24.0MIL3,4004,7002
4494,LD.MILSTONE345,4004,7002
4432,LD.MILVON  13.8,4004,7001
4296,LD.MINK    13.8,4006,7000
47968,LD.MINK    23,4006,7000
4426,LD.MIX_AVE 13.8,4004,7001
4403,LD.MONADNCK34.5,4002,7000
40034,LD.MONMOUTH12,4001,7000
40035,LD.MONMOUTH34.5,4001,7000
4510,LD.MONTAGUE13.8,4007,7000
14801,UN.MONTAGUE13.8CABT,4007,7000
14808,UN.MONTAGUE13.8TURN,4007,7000
492,UN.MONTVLLE69  MO10,4004,7002
493,UN.MONTVLLE13.8MON5,4004,7002
494,UN.MONTVLLE22.0MON6,4004,7002
47370,UN.MOORE   13.8MOR1,4002,7000
47371,UN.MOORE   13.8MOR2,4002,7000
47372,UN.MOORE   13.8MOR3,4002,7000
47373,UN.MOORE   13.8MOR4,4002,7000
4265,LD.MOORE   13.8,4002,7000
4177,LD.MOSHERS 34.5,4001,7000
46655,LD.MOSHERS 12.5,4001,7000
4267,LD.MT_SUPP 13.8,4002,7000
14796,LD.MUSSEYRD34.5,4001,7000
4564,LD.MYSTC_NU34.5,4004,7002
44031,LD.MYSTC_NU13.8,4004,7002
502,UN.MYSTIC  22  MYS7,4008,7003
503,UN.MYSTIC  24.0MYSJ,4008,7003
1478,UN.MYSTIC  18.1MYS8,4008,7003
1616,UN.MYSTIC  18.1MYS9,4008,7003
4087,LD.MYSTIC  24.0,4008,7003
17227,LD.MYSTIC  13.8,4008,7003
4565,LD.NE_SIMSB23,4004,7002
4325,LD.NASHUA  13.8,4007,7000
4197,LD.NASNVILL13.8,4005,7000
4113,LD.NEEDHAM 13.8,4008,7003
4456,LD.NEW_HAVN46,4003,7000
47381,LD.N_LONDON12.5,4005,7000
48633,LD.NLONDNCT115,4004,7002
4129,LD.NEWCASTL34.5,4001,7000
36881,LD.NEWFANE 46,4003,7000
508,UN.NEWINGTN24.0NEWI,4002,7000
4621,LD.NEWNGTON23,4004,7002
1649,UN.NEW_ENER18.0NEWE,4002,7000
4885,LD.NEWTON  13.8,4008,7003
4595,LD.NEWTOWN 13.8,4004,7001
4499,LD.NOERA_ST13.8,4004,7001
4203,LD.N_ABNGTN13.8,4006,7000
4482,LD.N_ATTLEB13.8,4006,7000
4149,LD.N_AUGSTA12.5,4001,7000
43592,LD.N_AUGSTA34.5,4001,7000
4490,LD.N_BLOOM 23,4004,7002
769,UN.N_CANAL 34.5HADL,4007,7000
42058,LD.N_CANAL 34.5,4007,7000
42059,LD.N_CANAL 13.8,4007,7000
4272,LD.N_CHELM 23,4007,7000
4355,LD.N_DRACUT13.2,4007,7000
15412,LD.N_FERRIS12.5,4003,7000
4424,LD.N_HAVEN 13.8,4004,7001
48673,LD.N_KEENE 12.5,4002,7000
4324,LD.NMARLBRO13.8,4007,7000
4254,LD.N_OXFORD13.2,4007,7000
48083,UN.N_OXFORD13.2FRS,4007,7000
4327,LD.N_QUINCY13.8,4006,7000
4471,LD.N_READNG13.8,4008,7003
436,UN.NORTH_RD34.5HEMP,4002,7000
4394,LD.NORTH_RD34.5,4002,7000
15115,UN.NORTH_RD34.5LEMP,4002,7000
549,UN.N_RUTLND46  RUT5,4003,7000
4459,LD.N_RUTLND46,4003,7000
4620,LD.N_WALFRD13.8,4004,7002
4891,LD.N_WOBURN13.8110A LD,4008,7003
4892,LD.N_WOBURN13.8110B LD,4008,7003
4385,LD.N_WODSTK34.5,4002,7000
4323,LD.NRTHBORO69,4007,7000
14217,UN.NORTHFLD13.8NFD1,4007,7000
14218,UN.NORTHFLD13.8NFD2,4007,7000
14219,UN.NORTHFLD13.8NFD3,4007,7000
14220,UN.NORTHFLD13.8NFD4,4007,7000
14224,AR.NORTHFLD13.8NFD1P,4007,7000
14225,AR.NORTHFLD13.8NFD2P,4007,7000
14226,AR.NORTHFLD13.8NFD3P,4007,7000
14227,AR.NORTHFLD13.8NFD4P,4007,7000
4600,LD.NORWALK 27.6,4004,7001
4601,LD.NORWALK 13.8,4004,7001
14816,UN.NORWALK 27.6NOR1,4004,7001
14817,UN.NORWALK 27.6NOR2,4004,7001
14818,UN.NORWALK 27.6NOR3,4004,7001
47561,LD.NORWALK 4.8,4004,7001
4170,LD.NORWAY  34.5,4001,7000
46661,LD.NORWAY  12.5,4001,7000
4201,LD.NORWELL 13.8,4006,7000
4122,LD.NORWOOD 13.8,4006,7000
4533,LD.NW_HARTF23,4004,7002
767,UN.OAK_HILL34.5CONC,4002,7000
4391,LD.OAK_HILL34.5,4002,7000
10571,LD.OAK_ST  23,4006,7000
46951,UN.OAKFIELD34.5OAKW,4001,7000
4413,LD.OCEAN_RD34.5,4002,7000
528,UN.OCEAN_ST13.8OSP1,4005,7000
529,UN.OCEAN_ST13.8OSP2,4005,7000
4893,LD.OLD_BAPT12.5T1 LD,4005,7000
4894,LD.OLD_BAPT12.5T2 LD,4005,7000
4438,LD.OLD_TOWN13.8,4004,7001
4525,LD.ORCHARD 13.8,4007,7000
16252,LD.ORLEANS 24.0,4006,7000
4503,LD.OSWALD  23,4007,7000
4228,LD.OTIS    23,4006,7000
4366,LD.OTTER_RV69,4007,7000
14840,LD.OXFORD  13.8,4004,7001
4550,LD.P&WAIRCT115,4004,7002
4315,LD.PALMER  13.2,4007,7000
4316,LD.PALMER  69,4007,7000
40040,LD.PALMER  23,4007,7000
14595,UN.PARIS   34.5GRPW,4002,7000
4146,LD.PARK_ST 34.5,4001,7000
4208,LD.PARKVIEW13.8,4006,7000
4500,LD.PARTRIDG23,4007,7000
16614,UN.PARTRIDG23  BRKW,4007,7000
38417,UN.PASADMKG34.5PASW,4001,7000
4230,LD.PAVEPAWS23,4006,7000
4217,LD.PAWTUCKT13.8,4005,7000
4477,LD.PAXTON  115,4007,7000
11727,LD.PEACABLE13.8,4004,7001
4357,LD.PELHAM  13.2,4002,7000
330,UN.PEMIGWAS34.5AYER,4002,7000
4379,LD.PEMIGWAS34.5,4002,7000
14211,UN.PEMIGWAS34.5ALEX,4002,7000
340,UN.PEQUONCK22.0BHR3,4004,7001
341,UN.PEQUONCK13.8BHR4,4004,7001
4435,LD.PEQUONCK13.8,4004,7001
348,UN.PERRY_ST13.8BOOT,4007,7000
4274,LD.PERRY_ST13.8,4007,7000
4200,LD.PHILP_LN13.8,4006,7000
4298,LD.PHILIPD 23,4005,7000
537,UN.PILGRIM 22.8PILG,4006,7000
4398,LD.PINEHILL34.5,4002,7000
4260,LD.PINEHRST13.2,4007,7000
4241,LD.PINE_ST 13.2,4006,7000
4514,LD.PINESHED13.8,4007,7000
4523,LD.PIPER   13.8,4007,7000
48645,UN.PISGAH  34.5PSGW,4001,7000
4124,LD.PLAIN_ST13.8,4006,7000
4507,LD.PLAINFLD23,4007,7000
15509,UN.PLNFIELD13.8PLFD,4004,7002
4505,LD.PLEASANT23,4007,7000
4182,LD.PLSNT_HL34.5,4001,7000
39719,LD.PLSNT_HL12.5,4001,7000
12176,LD.PLUMTREE13.8,4004,7001
4202,LD.PLYMOUTH13.8,4006,7000
4615,LD.PODICK  13.8,4007,7000
4370,LD.PONDVIL 69,4007,7000
4282,LD.PONTIAC 12.5,4005,7000
539,UN.PONTOOK 34.5PONT,4002,7000
46974,LD.POOTATCK13.8,4004,7001
4548,LD.PORTLAND23,4004,7002
10039,LD.PORTSMTH34.5,4002,7000
540,UN.POTTER  13.8POT2,4006,7000
15484,UN.POTTER  13.8WAT1,4006,7000
15485,UN.POTTER  13.8WAT2,4006,7000
424,UN.POWERSVL115 GNRT,4001,7000
10037,LD.POWERSVL115,4001,7000
4189,LD.PRATT&W 115,4001,7000
4262,LD.PRAT_J  13.8,4007,7000
591,UN.PRID_CRN34.5SWBK,4001,7000
4186,LD.PRID_CRN34.5,4001,7000
46726,LD.PRID_CRN12.5,4001,7000
4895,LD.PROSPCT 69  1X LD,4007,7000
4896,LD.PROSPCT 69  2X LD,4007,7000
4164,LD.PUDDLDCK34.5,4001,7000
4248,LD.PUTNAM  13.8,4008,7003
4287,LD.PUTNM_PK12.5,4005,7000
49406,UN.PUTNAMRD34.5DFLW,4003,7000
4190,LD.QUAKR_HL34.5,4001,7000
363,UN.QUEENCTY13.8BURL,4003,7000
4454,LD.QUEENCTY34.5,4003,7000
4455,LD.QUEENCTY13.8,4003,7000
4423,LD.QUINNIPC13.8,4004,7001
467,UN.RAILYARD23  MARB,4008,7003
4341,LD.RAILYARD13.8,4008,7003
11846,LD.RAILYARD23,4008,7003
4174,LD.RAYMOND 34.5,4001,7000
10602,LD.RAYNHAM 13.8,4006,7000
4297,LD.READ_ST 13.2,4006,7000
47732,LD.READ_ST 23,4006,7000
47736,LD.READ_ST 69,4006,7000
4104,LD.READING 13.8,4008,7003
49395,LD.READING 34.5,4008,7003
4181,LD.REDBROOK34.5,4001,7000
4405,LD.RDSFERRY34.5,4002,7000
546,UN.RESCOS  115 RESC,4008,7003
4415,LD.RESITNCE34.5,4002,7000
4338,LD.REVERE  23,4008,7003
47822,UN.REVERE  23  NECO,4008,7003
1630,UN.RISE    18.0RISE,4005,7000
4158,LD.RICERIPS34.5,4001,7000
4897,LD.RIDGEFLD13.82X LD,4004,7001
4898,LD.RIDGEFLD13.83X LD,4004,7001
40054,UN.RIDGEWOD13.8RIDG,4005,7000
4168,LD.RILEY   12.5,4001,7000
4380,LD.RIMMON  34.5,4002,7000
4220,LD.RVERSIDE13.8,4005,7000
4899,LD.RIVERSDE23  1X LD,4004,7002
4901,LD.RIVERSDE23  3X LD,4004,7002
4419,LD.RCHSTER 34.5,4002,7000
4238,LD.ROCHESTR13.2,4006,7000
4539,LD.ROCKVILE115,4004,7002
49025,LD.ROCKVILE13.8,4004,7002
4545,LD.ROCKY_HL23,4004,7002
4304,LD.RCKY_HL 13.8,4006,7000
739,UN.ROCKY_RV13.8ROCK,4004,7001
5779,LD.ROCKY_RV13.8,4004,7001
11764,AR.ROCKY_RV13.8ROCKP,4004,7001
15097,UN.ROCKY_RV13.8KIMB,4004,7001
568,UN.ROLF_AVE69  SHRW,4007,7000
4321,LD.ROLF_AVE69,4007,7000
10472,LD.ROLF_AVE13.8,4007,7000
37175,UN.ROLLINS 34.5ROLL,4001,7000
16654,LD.ROOD_AVE23,4004,7002
331,UN.ROXBURY 34.5AZIS,4001,7000
14665,UN.ROXBURY 34.5RCHW,4001,7000
37953,LD.ROXBURY 34.5,4001,7000
4137,LD.RUMFORD 12.5,4001,7000
11424,UN.RUMFD_FL11.5RUMH,4001,7000
1255,UN.RUMFD_IP18.0RUMF,4001,7000
4138,LD.RUMFD_IP34.5,4001,7000
4425,LD.SACKETT 13.8,4004,7001
4389,LD.SACO_VLY34.5,4002,7000
4342,LD.SALEM   23,4008,7003
48695,UN.SALEM   18.0SAL5,4008,7003
48696,UN.SALEM   18.0SAL6,4008,7003
4617,LD.SALISBRY69,4004,7002
4229,LD.SANDWICH24.0,4006,7000
4587,LD.SANDY_HK23,4004,7001
4251,LD.SANDY_PD23,4007,7000
6421,LD.SANDY_PD345 SMDINTLD,4007,7000
4192,LD.SANFORD 34.5,4001,7000
1107,UN.SAPHINCK13.8SOMR,4001,7000
4156,LD.SAPHINCK13.8,4001,7000
4618,LD.SASCOCRK115,4004,7001
43789,LD.SAXONVIL13.8,4008,7003
556,UN.SCHILLER115 SCH4,4002,7000
557,UN.SCHILLER115 SCH5,4002,7000
558,UN.SCHILLER115 SCH6,4002,7000
559,UN.SCHILLER115 SCHC,4002,7000
4414,LD.SCHILLER115,4002,7000
4530,LD.SCITICO 23,4004,7002
4205,LD.SCITUATE13.8,4006,7000
4377,LD.SCOBIE  12.5,4002,7000
4102,LD.SCOTIA  13.8,4008,7003
555,UN.SEABROOK24.5SBRK,4002,7000
48717,LD.SEAFOOD 13.8,4008,7003
561,UN.SEARS   69  SEAR,4007,7000
4367,LD.SEARS   69,4007,7000
562,UN.SECREC  69  SECR,4004,7002
563,UN.SEMASS  13.8SEM1,4006,7000
564,UN.SEMASS  13.8SEM2,4006,7000
4185,LD.SEWAL_ST34.5,4001,7000
46681,LD.SEWAL_ST12.5,4001,7000
497,UN.SHAWINGN13.8MPWR,4007,7000
4580,LD.SHAWS_HL13.8,4004,7001
12530,UN.SHEFIELD34.5SHEF,4003,7000
15410,LD.SHELBURN12.5,4003,7000
566,UN.SHEPAUG 69  SHEP,4004,7001
4592,LD.SHEPAUG 69,4004,7001
4117,LD.SHERBORN13.8,4008,7003
567,UN.SHERMAN 115 SHER,4007,7000
39679,LD.SHERWOOD13.8,4004,7001
10906,LD.SHUNOCK 13.8,4004,7002
42374,LD.SHUNPIKE13.2,4005,7000
4522,LD.SILVER  13.8,4007,7000
4266,LD.SLAYTNHL13.8,4002,7000
570,UN.SMITH_HY6.9 SMTH,4002,7000
4902,LD.SNOW_ST 13.2T1 LD,4007,7000
4903,LD.SNOW_ST 13.2T2 LD,4007,7000
4904,LD.SOKANSET23  T1 LD,4005,7000
4905,LD.SOKANSET23  T2 LD,4005,7000
37265,LD.SOMERVIL13.8,4008,7003
43718,LD.SONO    13.8,4004,7001
457,UN.S_BROADW23  LAWH,4007,7000
4353,LD.S_BROADW23,4007,7000
4345,LD.S_DANVRS115,4008,7003
4444,LD.SO_HERO 13.2,4003,7000
572,UN.S_MEADOW13.8SO11,4004,7002
573,UN.S_MEADOW13.8SO12,4004,7002
574,UN.S_MEADOW13.8SO13,4004,7002
575,UN.S_MEADOW13.8SO14,4004,7002
580,UN.S_MEADOW11.5SOM5,4004,7002
581,UN.S_MEADOW11.5SOM6,4004,7002
4535,LD.S_MEADOW23,4004,7002
4406,LD.S_MILFRD34.5,4002,7000
4583,LD.S_NAUGTK13.8,4004,7001
4358,LD.S_RANDOL13.8,4006,7000
4537,LD.S_WINDSR13.8,4004,7002
4293,LD.S_WRENTM23,4006,7000
4607,LD.SOUTHEND13.2,4004,7001
4497,LD.SOTHNGTN27.6,4004,7001
11713,LD.SOTHNGTN13.8,4004,7001
4521,LD.SOUTHWCK23,4007,7000
4114,LD.SPEEN_ST13.8,4008,7003
542,UN.SPRNG_ST34.5PTRR,4001,7000
4179,LD.SPRNG_ST34.5,4001,7000
46950,LD.SPRNG_ST12.5,4001,7000
4449,LD.STALBANS34.5,4003,7000
4446,LD.STJHNSBY34.5,4003,7000
4219,LD.STAPLES 13.8,4005,7000
16184,LD.STEPSTON23,4004,7002
4476,LD.STERLING13.8,4007,7000
15464,UN.STETSON 34.5STET,4001,7000
16612,UN.STETSON 34.5STE2,4001,7000
587,UN.STEVENSN6.9 STEV,4004,7001
4586,LD.STEVENSN27.6,4004,7001
46729,LD.STICKNEY34.5,4001,7000
4558,LD.STCKHOSE13.8,4004,7002
4594,LD.STONY_HL13.8,4004,7001
583,UN.STONYBRK13.2ST2A,4007,7000
584,UN.STONYBRK13.2ST2B,4007,7000
1185,UN.STONYBRK13.2ST1A,4007,7000
1186,UN.STONYBRK13.2ST1B,4007,7000
1187,UN.STONYBRK13.2ST1C,4007,7000
4198,LD.STOUGHTN13.8,4006,7000
16847,LD.STOWE   34.5,4003,7000
4160,LD.STURTVNT34.5,4001,7000
44009,LD.STURTVNT12.5,4001,7000
4115,LD.SUDBURY 13.8,4008,7003
4534,LD.SW_HARTF23,4004,7002
4215,LD.SWANSEA 13.8,4006,7000
4401,LD.SWANZEY 12.5,4002,7000
1432,UN.SYKES_RD13.8FLRV,4006,7000
4196,LD.SYKES_RD13.8,4006,7000
10494,LD.TAFTS_CR34.5,4003,7000
37894,LD.TAFTS_CR12.5,4003,7000
592,UN.TAMWORTH115 TAMW,4002,7000
43968,LD.TASKERFM34.5,4002,7000
375,UN.TAUNTON 13.8CL9C,4006,7000
376,UN.TAUNTON 13.8CLE8,4006,7000
4420,LD.TAUNTON 13.8,4006,7000
4261,LD.TEWKSBRY13.8,4007,7000
4569,LD.THOMASTN13.8,4004,7002
4314,LD.THORNDIK13.2,4007,7000
40045,LD.THORNTON34.5,4002,7000
47314,LD.TILLSON 13.8,4007,7000
43588,LD.TIMBER  34.5,4002,7000
1226,UN.TIVERTON18.0TIVR,4005,7000
4275,LD.TIVERTON12.5,4005,7000
4579,LD.TODD    13.8,4004,7001
4606,LD.TOMAC   27.6,4004,7001
358,UN.TOPSHAM 34.5BRUN,4001,7000
487,UN.TOPSHAM 34.5MILR,4001,7000
532,UN.TOPSHAM 34.5PEJE,4001,7000
4175,LD.TOPSHAM 34.5,4001,7000
595,UN.TORRNGTN69  TT10,4004,7002
10426,LD.TORRNGTN115,4004,7002
49325,UN.TOWANTIC18.0TO1A,4004,7001
49326,UN.TOWANTIC18.0TO1B,4004,7001
15918,LD.TOWER_HL13.0,4005,7000
4560,LD.TRACY   23.0,4004,7002
49370,UN.TRACY   23.0WODS,4004,7002
4439,LD.TRAPFALS13.8,4004,7001
4108,LD.TRAPELO 13.8,4008,7003
16256,LD.TREASURE13.8,4007,7000
47991,UN.TREASURE24.0SOLS,4007,7000
4233,LD.TREMONT 23,4006,7000
15417,LD.TRENTON 34.5,4001,7000
4596,LD.TRIANGLE13.8,4004,7001
14826,LD.TRUMBULL13.8,4004,7001
40260,LD.TUNK    34.5,4001,7000
515,UN.TUNNEL  69  NORJ,4004,7002
596,UN.TUNNEL  23.0TUNN,4004,7002
4559,LD.TUNNEL  23.0,4004,7002
10034,LD.TUNNEL  69,4004,7002
14823,UN.TUNNEL  69  WWTP,4004,7002
50634,UN.TUNNEL  23.0FSNS,4004,7002
4906,LD.UNCASVIL13.21X LD,4004,7002
4907,LD.UNCASVIL13.22X LD,4004,7002
42049,LD.UNCASVIL27.6,4004,7002
46730,LD.UNION   34.5,4001,7000
39677,LD.UNION_AV115,4004,7001
4292,LD.UNION_ST13.8,4006,7000
4269,LD.UXBRIDGE13.8,4006,7000
4218,LD.VALLEY  13.8,4005,7000
47969,LD.VALLEY  23,4005,7000
40299,LD.VALLY_LN34.5,4001,7000
4232,LD.VALLEYNB23,4006,7000
47741,UN.VALLEYNB23  FGW,4006,7000
598,UN.VERGENNE34.5VERD,4003,7000
2435,UN.VERGENNE34.5VRGH,4003,7000
14167,LD.VERGENNE34.5,4003,7000
599,UN.VERNON  69  VERN,4007,7000
4365,LD.VERNON  69,4007,7000
4320,LD.VERNONHL13.8,4007,7000
4467,LD.VERNONRD69,4003,7000
37895,LD.VERNONRD46,4003,7000
4373,LD.WACHUS  69,4007,7000
4908,LD.WAKEFLD 13.8,4008,7003
46977,LD.WALLACE 13.8,4008,7003
1376,UN.WALNGFRD13.8WAL1,4004,7001
1377,UN.WALNGFRD13.8WAL2,4004,7001
1378,UN.WALNGFRD13.8WAL3,4004,7001
1379,UN.WALNGFRD13.8WAL4,4004,7001
1380,UN.WALNGFRD13.8WAL5,4004,7001
4619,LD.WALNGFRD13.8,4004,7001
50025,UN.WALNGFRD13.8WAL6,4004,7001
50026,UN.WALNGFRD13.8WAL7,4004,7001
4121,LD.WALPOLE 14.4,4006,7000
4578,LD.WALREC  115,4004,7001
4089,LD.WALTHAM 13.8,4008,7003
4299,LD.WAMPNOAG12.5,4005,7000
527,UN.WARD_HIL23  OGD,4008,7003
547,UN.WARD_HIL23  RESN,4008,7003
4350,LD.WARD_HIL23,4008,7003
14174,LD.WARD_HIL13.2,4008,7003
4364,LD.WARE    69,4007,7000
4245,LD.WAREHAM 23,4006,7000
50866,UN.WAREHAM 23  WA1S,4006,7000
50867,UN.WAREHAM 23  WA2S,4006,7000
50868,UN.WAREHAM 23  WA3S,4006,7000
50869,UN.WAREHAM 23  WA4S,4006,7000
4910,LD.WARREN  12.5T1 LD,4005,7000
4911,LD.WARREN  12.5T2 LD,4005,7000
4912,LD.WARREN  23  T5 LD,4005,7000
4913,LD.WARREN  23  T6 LD,4005,7000
407,UN.WASHNGTN34.5EPTD,4001,7000
446,UN.WASHNGTN34.5IND6,4001,7000
4082,LD.WASHNGTN34.5,4001,7000
4216,LD.WSHNGTN 14.4,4005,7000
4204,LD.WATER_ST13.8,4006,7000
4428,LD.WATRSTUI13.8,4004,7001
12564,UN.WATERBRY13.8WBRY,4004,7001
17186,LD.WATERFRD23,4004,7002
612,UN.WATER_RV23  W_J1,4008,7003
613,UN.WATER_RV115 W_J2,4008,7003
4343,LD.WATER_RV23,4008,7003
4604,LD.WATERSDE13.2,4004,7001
11842,UN.WATERSDE13.8WTSD,4004,7001
4109,LD.WATERTWN13.8,4008,7003
4133,LD.WATERBOR12.5,4001,7000
14841,LD.WEARE   34.5,4002,7000
401,UN.WEBSTER 34.5EAST,4002,7000
4392,LD.WEBSTER 34.5,4002,7000
4306,LD.WBSTR_ST13.8,4007,7000
16250,LD.WELFLEET23,4006,7000
4308,LD.WENDLDPT13.8,4007,7000
16873,LD.W_AMESBY23,4008,7003
16874,LD.W_AMESBY13.2,4008,7003
4916,LD.W_ANDOVR34.5T10 LD,4007,7000
4917,LD.W_ANDOVR34.5T20 LD,4007,7000
49022,LD.W_ANDOVR13.8T10 LD,4007,7000
49023,LD.W_ANDOVR13.8T20 LD,4007,7000
4371,LD.WESTBORO69,4007,7000
4478,LD.W_BOYLST13.8,4007,7000
4591,LD.W_BROKFD13.8,4004,7001
440,UN.W_BUXTON34.5HIRM,4001,7000
755,UN.W_BUXTON34.5BONE,4001,7000
4132,LD.W_BUXTON34.5,4001,7000
4318,LD.W_CHRLTN13.2,4007,7000
4285,LD.W_CRNSTN12.5,4005,7000
4118,LD.W_FRMHAM13.8,4008,7003
44024,LD.W_HAMDEN69,4007,7000
44025,LD.W_HAMDEN13.2,4007,7000
13692,LD.W_KENNEB115,4001,7000
4279,LD.W_KNGSTN34.5,4005,7000
38495,UN.W_KNGSTN34.5BIW,4005,7000
625,UN.W_MEDWAY13.8WMJ1,4008,7003
626,UN.W_MEDWAY13.8WMJ2,4008,7003
627,UN.MEDWAYJ313.8WMJ3,4006,7000
4352,LD.W_METHUE23,4008,7003
4919,LD.W_POND  23,4006,7000
4340,LD.W_SALEM 13.8,4008,7003
48162,LD.W_SALEM 23,4008,7003
4546,LD.WESTSIDE13.2,4004,7002
630,UN.W_SPRFLD13.8WS10,4007,7000
633,UN.W_SPRFLD13.8WSP3,4007,7000
1693,UN.W_SPRFLD13.8WSG1,4007,7000
1694,UN.W_SPRFLD13.8WSG2,4007,7000
2425,UN.W_SPRFLD13.8SPRF,4007,7000
4528,LD.W_SPRFLD13.8,4007,7000
14177,UN.WESTBRK 18.0WE1A,4001,7000
14178,UN.WESTBRK 18.0WE1B,4001,7000
10603,LD.WESTFORD13.2,4007,7000
4613,LD.WESTON  27.6,4004,7001
619,UN.WHITE_LK34.5WHLA,4002,7000
4387,LD.WHITE_LK34.5,4002,7000
337,UN.WHITEFLD34.5BETH,4002,7000
618,UN.WHITEFLD34.5WFPL,4002,7000
4384,LD.WHITEFLD34.5,4002,7000
4268,LD.WHTNS_PD13.8,4006,7000
620,UN.WILDER  13.8WILD,4002,7000
4331,LD.WILDER  13.8,4002,7000
621,UN.WILLIAM 6.9 WILL,4001,7000
4562,LD.WILLIAMS13.2,4004,7002
4914,LD.WILMATC 27.61X2 LD,4004,7002
4915,LD.WILMATC 27.62X2 LD,4004,7002
46736,LD.WILMATC 4.8 1X3 LD,4004,7002
46740,LD.WILMATC 4.8 2X3 LD,4004,7002
14825,LD.WILTON  13.8,4004,7001
4462,LD.WINDSOR 46,4003,7000
4541,LD.WNDSRLKS27.6,4004,7002
48161,LD.WNDSRLKS23,4004,7002
4247,LD.WINGLANE13.2,4006,7000
460,UN.WINSLOW 34.5LCKW,4001,7000
761,UN.WINSLOW 34.5SHAW,4001,7000
2426,UN.WINSLOW 34.5UNAH,4001,7000
4142,LD.WINSLOW 34.5,4001,7000
4084,LD.WOBURN  13.8,4008,7003
4288,LD.WOLF_HL 23,4005,7000
4276,LD.WOOD_RV 34.5,4005,7000
50835,UN.WOOD_RV 34.5ABFS,4005,7000
4349,LD.WOODCHUK13.2,4008,7003
628,UN.WOODLAND23  WOOD,4007,7000
4504,LD.WOODLAND23,4007,7000
4431,LD.WOODMONT13.8,4004,7001
4362,LD.WOODSIDE69,4007,7000
4169,LD.WOODSTCK34.5,4001,7000
35693,UN.WOODSTCK34.5SPMT,4001,7000
39678,LD.WOONSCKT13.8,4005,7000
4322,LD.WYMNGRDN115,4007,7000
636,UN.WYMAN_HY13.8WYM1,4001,7000
637,UN.WYMAN_HY13.8WYM2,4001,7000
638,UN.WYMAN_HY13.8WYM3,4001,7000
4152,LD.WYMAN_HY12.5,4001,7000
639,UN.YARMOUTH13.2YAR1,4001,7000
640,UN.YARMOUTH13.2YAR2,4001,7000
641,UN.YARMOUTH13.8YAR3,4001,7000
642,UN.YARMOUTH22  YAR4,4001,7000
4130,LD.YARMOUTH34.5,4001,7000
48724,UN.YARMOUTH6.9 CASB,4001,7000
